code,recommendedLevel,monsters
level,hp,atk,def,gold,exp,bp,drops,actions
# Start,,
start-0,1,1.0
1,17,1,1,123,1389,-1,,
start-1,30,1.0
30,513,42,42,165,6142,-1,,
start-2,60,1.0
60,1026,85,85,199,12566,-1,,
start-3,90,1.0
90,1539,128,128,229,20154,-1,w:0:0.5,
start-4,120,1.0
120,2052,171,171,258,28683,-1,a:0:0.5,
start-5,150,1.0
150,2565,214,214,285,38014,-1,r:stat_boost_hp:1:0.3,
start-6,180,1.0
180,3078,257,257,311,48052,-1,r:stat_boost_luc:1:0.3,
start-7,210,1.0
210,3591,300,300,336,58733,-1,,
start-8,240,1.0
240,4104,343,343,360,70008,-1,r:stat_boost_def:1:0.3,
start-9,270,1.0
270,4617,386,386,384,81821,-1,,
start-10,300,1.0
300,5130,429,429,407,94152,-1,r:stat_boost_atk:1:0.3,
# Forest,,
forest-0,350,1.0
350,6390,506,506,445,107237,-1,,
forest-1,400,1.0
400,7650,583,583,482,150582,-1,,
forest-2,450,0.5|0.5
450,8910,660,660,517,202954,-1,w:1:0.4,
450,8910,660,660,517,202954,-1,a:1:0.4,
forest-3,550,1.0
550,11430,814,814,587,336742,-1,,
forest-4,630,1.0
630,13446,937,937,640,473569,-1,,
forest-5,690,1.0
690,14958,1029,1029,680,594608,-1,,
forest-6,700,1.0
700,15210,1045,1045,686,616365,-1,,
forest-7,800,1.0
800,17730,1199,1199,750,859623,-1,r:stat_boost_hp:2:0.3,
forest-8,3000,1.0
3000,105750,4961,4961,1934,20677618,-1,,
# Spring Pool,,
spring_pool-0,612,1.0
612,12992,908,908,628,440378,-1,,
spring_pool-1,680,1.0
680,14706,1014,1014,673,573308,-1,w:2:0.35,
spring_pool-2,748,1.0
748,16419,1118,1118,717,727241,-1,,
spring_pool-3,816,1.0
816,18291,1225,1225,760,902973,-1,,
spring_pool-4,940,0.6|0.4
940,22644,1430,1430,837,1281874,-1,,
940,22644,1430,1430,837,1281874,-1,a:2:0.3,
spring_pool-5,1111,1.0
1111,28646,1711,1711,939,1934221,-1,,
spring_pool-6,1333,0.8|0.2
1333,36438,2077,2077,1068,3017943,-1,,
1333,36438,2077,2077,1068,3017943,-1,r:heal_every_turn:0:0.2,
# High Mountain,,
high_mountain-0,810,1.0
810,18081,1215,1215,756,886571,-1,,
high_mountain-1,980,1.0
980,24048,1496,1496,861,1420724,-1,,
high_mountain-2,1150,0.6|0.4
1150,30015,1776,1776,962,2104867,-1,,
1150,30015,1776,1776,962,2104867,-1,r:evade_rate:0:0.17,
high_mountain-3,1320,1.0
1320,35982,2057,2057,1060,2946868,-1,a:3:0.2,
high_mountain-4,1490,1.0
1490,41949,2337,2337,1156,3953102,-1,,
high_mountain-5,1660,1.0
1660,47916,2618,2618,1250,5128748,-1,,
# Desert,,
desert-0,1830,1.0
1830,54153,2901,2901,1342,6478011,-1,,
desert-1,2000,1.0
2000,61650,3201,3201,1432,8004289,-1,,
desert-2,2170,1.0
2170,69147,3500,3500,1520,9710308,-1,,
desert-3,2300,1.0
2340,76644,3799,3799,1607,11598225,-1,r:crit_dmg:0:0.15,
desert-4,2600,1.0
2510,84141,4098,4098,1693,13669713,-1,w:4:0.17,
# Pyramid,, (피라미드 지역은 동일 레벨 대비 골드 량 1.2배)
pyramid-0,2900,1.0
2900,101340,4785,4785,2263,19121808,-1,,
pyramid-1,3200,1.0
3200,114570,5313,5313,2436,23983063,-1,r:stat_boost_per_relic_count:1:0.15,
pyramid-2,3500,0.5|0.5
3500,129904,5867,5867,2606,29425997,-1,,
3500,129904,5867,5867,2606,29425997,-1,w:6:0.25,
pyramid-3,3800,1.0
3800,146914,6444,6444,2774,35449796,-1,r:fixed_dmg_per_gold:1:0.13,
pyramid-4,4100,1.0
4100,163924,7022,7022,2939,42052170,-1,,
pyramid-5,5000,0.45|0.3|0.2|0.05
5000,214954,8754,8754,2850,65292181,-1,,
5000,214954,8754,8754,3420,65292181,-1,a:4:0.1,
5000,214954,8754,8754,4275,65292181,-1,a:4:0.2,
5000,214954,8754,8754,8550,65292181,-1,,
# Forest-Lake,,
forest_lake-0,810,1.0
810,18081,1215,1215,756,886571,-1,,
forest_lake-1,1100,1.0
1100,28260,1694,1694,933,1887582,-1,w:3:0.2,
forest_lake-2,1400,1.0
1400,38790,2189,2189,1106,3399590,-1,,
forest_lake-3,1700,1.0
1700,49320,2684,2684,1272,5430464,-1,r:reduce_dmg_higher_level:0:0.2,
# Lake,,
lake-0,2000,1.0
2000,61650,3201,3201,1432,8004289,-1,,
lake-1,2300,1.0
2300,74880,3729,3729,1587,11137549,-1,,
lake-2,2600,1.0
2600,88110,4257,4257,1738,14841148,-1,,
lake-3,2900,1.0
2900,101340,4785,4785,1886,19121808,-1,w:5:0.15,
lake-4,3333,1.0
3333,120435,5546,5546,2094,26324331,-1,,
lake-5,3700,1.0
3700,141244,6252,6252,2266,33377437,-1,,
lake-6,4100,1.0
4100,163924,7022,7022,2449,42052170,-1,,
lake-7,4500,1.0
4500,186604,7792,7792,2630,51749277,-1,r:crit_dmg:1:0.1,
lake-8,5000,1.0
5000,214954,8754,8754,2850,65292181,-1,,
# Lake-Deep Forest,,
lake_deep_forest-0,5600,1.0
5600,258694,10008,10008,3110,83595447,-1,,
lake_deep_forest-1,6300,1.0
6300,309724,11471,11471,3405,107716676,-1,r:evade_rate:1:0.1,
lake_deep_forest-2,7100,1.0
7100,368044,13143,13143,3735,138832065,-1,,
lake_deep_forest-3,8000,1.0
8000,433654,15024,15024,4097,178210255,-1,a:5:0.12,
# Deep Forest,,
deep_forest-0,5000,1.0
5000,214954,8754,8754,2850,65292181,-1,,
deep_forest-1,9000,1.0
9000,506554,17114,17114,4490,227186840,-1,w:8:0.12,
deep_forest-2,17000,1.0
17000,1089754,33834,33834,7389,792046973,-1,,
deep_forest-3,26000,1.0
26000,2005054,54294,54294,10331,1726063311,-1,r:dmg_gradual_increase:2:0.05,
deep_forest-4,35000,1.0
35000,3243454,76679,76679,13073,2909251114,-1,,
deep_forest-5,45000,1.0
45000,4791454,102529,102529,15957,4466599173,-1,,
# Forest-Ice,,
forest_ice-0,1500,1.0
1500,42300,2354,2354,1162,4017522,-1,,
forest_ice-1,4000,1.0
4000,158254,6829,6829,2404,39787284,-1,,
forest_ice-2,6200,1.0
6200,302434,11262,11262,3363,104091169,-1,,
forest_ice-3,8600,1.0
8600,477394,16278,16278,4334,206950747,-1,r:crit_every_n:0:0.09,
# Ice,,
ice-0,10000,1.0
10000,579454,19204,19204,4874,281435212,-1,r:weak_every_hit:0:0.08,
ice-1,11333,1.0
11333,676629,21990,21990,5375,361566152,-1,,
ice-2,12666,1.0
12666,773805,24776,24776,5864,450191178,-1,,
ice-3,14000,1.0
14000,871054,27564,27564,6343,546949219,-1,,
ice-4,15333,1.0
15333,968229,30350,30350,6813,651301344,-1,,
ice-5,16666,1.0
16666,1065405,33136,33136,7274,762962219,-1,r:dmg_gradual_increase:1:0.07,
ice-6,18000,1.0
18000,1162654,35924,35924,7729,881702901,-1,r:dmg_gradual_decrease:1:0.07,
ice-7,20000,1.0
20000,1308454,40104,40104,8398,1072208937,-1,,
# Deep Forest-Swamp,,
deep_forest_swamp-0,11000,1.0
11000,652354,21294,21294,5251,340734488,-1,r:dmg_boost_when_low_hp:0:0.09,
deep_forest_swamp-1,13000,1.0
13000,798154,25474,25474,5985,473675804,-1,,
deep_forest_swamp-2,15000,1.0
15000,943954,29654,29654,6696,624534797,-1,,
deep_forest_swamp-3,17000,1.0
17000,1089754,33834,33834,7389,792046973,-1,r:execute_lower_level:0:0.05,
# Swamp,,
swamp-0,20000,1.0
20000,1308454,40104,40104,8398,1072208937,-1,w:10:0.1,
swamp-1,21300,1.0
21300,1459384,43179,43179,8826,1203709307,-1,r:dmg_boost_boss:1:0.05,
swamp-2,23000,1.0
23000,1656754,47199,47199,9377,1384376798,-1,,
swamp-3,25100,1.0
25100,1900564,52166,52166,10047,1620587389,-1,r:stat_boost_per_relic_count:2:0.05,
swamp-4,27400,1.0
27400,2167594,57605,57605,10769,1895027066,-1,a:6:0.09,
swamp-5,30000,1.0
30000,2469454,63754,63754,11570,2224058558,-1,,
swamp-6,33000,1.0
33000,2933854,71509,71509,12477,2627185601,-1,,
swamp-7,36000,0.7|0.3
36000,3398254,79264,79264,13368,3054137738,-1,w:13:0.12,
36000,3398254,79264,79264,13368,3054137738,-1,r:fixed_dmg_per_hit:0:0.1,
swamp-8,40000,1.0
38000,3707854,84434,84434,13954,3351405637,-1,,
# Swamp-Deep Forest,,
swamp_deep_forest-0,40000,0.95|0.05
40000,4017454,89604,89604,14533,3658403462,-1,,
40000,4017454,89604,89604,14533,3658403462,-1,r:evade_first_n:0:0.4|r:dmg_boost_per_kill:0:0.2,
# Cemetery,,
cemetery-0,?????,0.5|0.3|0.2
41000,4172254,92189,92189,14821,3815458598,-1,w:14:0.1,
42000,4327054,94774,94774,15107,3974838187,-1,r:drop_boost:2:0.15,
43000,4481854,97359,97359,15392,4136509157,-1,r:heal_every_turn:1:0.08,
# Secret Hallway,,
secret_hallway-0,30000,1.0
30000,2469454,63754,63754,11570,2224058558,-1,,
secret_hallway-1,35000,1.0
35000,3243454,76679,76679,13073,2909251114,-1,,
secret_hallway-2,40000,1.0
40000,4017454,89604,89604,14533,3658403462,-1,r:execute_lower_level:1:0.07,
secret_hallway-3,45000,1.0
45000,4791454,102529,102529,15957,4466599173,-1,,
# Castle,,
castle-0,50000,0.4|0.4|0.2
50000,5565454,115454,115454,17350,5329833717,-1,w:15:0.09,
50000,5565454,115454,115454,17350,5329833717,-1,a:9:0.09,
50000,5565454,115454,115454,17350,5329833717,-1,r:dmg_boost_any:1:0.1,
castle-1,55000,0.5|0.5
55000,6829954,131404,131404,18715,6244774262,-1,,
55000,6829954,131404,131404,18715,6244774262,-1,,
castle-2,56800,1.0
56800,7285174,137146,137146,19200,6586253574,-1,,
castle-3,58300,1.0
58300,7664524,141931,141931,19603,6875570681,-1,,
castle-4,60000,1.0
60000,8094454,147354,147354,20056,7208597032,-1,r:stat_boost_atk_per_hp:0:0.06,
castle-5,62000,1.0
62000,8695654,154394,154394,20586,7607257915,-1,,
castle-6,64300,1.0
64300,9387034,162490,162490,21191,8074720167,-1,a:10:0.08,
castle-7,67000,1.0
67000,10198654,171994,171994,21896,8635508302,-1,,
castle-8,70000,1.0
70000,11100454,182554,182554,22672,9273488533,-1,r:execute_low_health:2:0.06,
castle-9,72000,1.0
72000,11797054,190474,190474,23186,9707324792,-1,,
castle-10,74000,1.0
74000,12493654,198394,198394,23697,10147845553,-1,,
castle-11,76000,1.0
76000,13190254,206314,206314,24206,10594946313,-1,,
castle-12,78000,0.5|0.5
78000,13886854,214234,214234,24712,11048527112,-1,r:chain_first:1:0.08,
78000,13886854,214234,214234,24712,11048527112,-1,r:crit_first_n:1:0.08,
castle-13,80000,1.0
80000,14583454,222154,222154,25215,11508492218,-1,r:equipment_base_spec_boost:2:0.06,
castle-14,81600,1.0
81600,15217054,229194,229194,25616,11880999197,-1,w:18:0.07,
castle-15,83200,1.0
83200,15850654,236234,236234,26015,12257488033,-1,,
castle-16,84800,1.0
84800,16484254,243274,243274,26412,12637914872,-1,,
castle-17,86500,1.0
86500,17157454,250754,250754,26833,13046385762,-1,r:heal_every_turn:2:0.05,
castle-18,88200,1.0
88200,17830654,258234,258234,27252,13459204957,-1,,
castle-19,90000,1.0
90000,18543454,266154,266154,27694,13900994021,-1,a:11:0.07,
castle-20,93333,1.0
93333,20022306,282652,282652,28508,14731584231,-1,,
castle-21,95000,1.0
95000,20761954,290904,290904,28913,15153030279,-1,,
castle-22,97000,0.5|0.5
97000,21649354,300804,300804,29397,15663892911,-1,r:crit_rate:2:0.05,
97000,21649354,300804,300804,29397,15663892911,-1,r:chain_rate:2:0.05,
castle-23,99000,1.0
99000,22536754,310704,310704,29879,16180395888,-1,r:evade_first_n:1:0.04,
castle-24,100000,1.0
100000,22980454,315654,315654,30120,16440742251,-1,r:fixed_dmg_enemy_hp:0:0.02,
# Special
special_a-0,0,0.5|0.3|0.2
3000,105750,4961,4961,19340,1,-1,,
5000,214954,8754,8754,28500,1,-1,,
10000,579454,19204,19204,48740,1,-1,,
special_b-0,0,0.4|0.3|0.3
11111,660446,21525,21525,4874,333333333,-1,w:9:0.2,
11111,660446,21525,21525,4874,333333333,-1,a:8:0.2,
11111,660446,21525,21525,4874,333333333,-1,r:dmg_boost_weak:0:0.2,
special_c-0,0,0.2|0.2|0.2|0.2|0.2
77777,13809183,213351,213351,22672,11111111111,-1,,
77777,13809183,213351,213351,68016,11111111111,-1,,
77777,13809183,213351,213351,22672,44444444444,-1,,
77777,13809183,213351,213351,22672,11111111111,1,,
77777,13809183,213351,213351,22672,11111111111,-1,r:drain:0:0.3,
