id,recommendedLevel,monsters
level,hp,atk,gold,exp,bp,drops,actions
# Start,,
0,1,1.0
1,5,0,125,0,-1,,
1,30,1.0
30,150,18,195,1335,-1,,
2,60,1.0
60,300,36,252,2235,-1,,
3,90,1.0
90,450,54,302,3135,-1,,
4,120,1.0
120,600,72,350,4035,-1,,
5,150,1.0
150,750,90,395,4935,-1,,
6,180,1.0
180,900,108,438,5835,-1,,
7,210,1.0
210,1050,126,480,6735,-1,,
8,240,1.0
240,1200,144,520,7635,-1,,
9,270,1.0
270,1350,162,560,8535,-1,,
10,300,1.0
300,1500,180,599,9435,-1,,
# Forest,,
11,350,1.0
350,1750,210,662,14780,-1,,
12,400,1.0
400,2000,240,723,16780,-1,,
13,450,1.0
450,2250,270,783,23725,-1,,
14,550,1.0
550,2750,330,898,28725,-1,,
15,630,1.0
630,3150,378,987,32725,-1,,
16,690,1.0
690,3450,414,1053,35725,-1,,
17,700,1.0
700,3500,420,1064,36225,-1,,
18,800,1.0
800,4000,480,1170,41225,-1,,
# Spring Pool,,
19,612,1.0
612,3060,367,967,38490,-1,,
20,680,1.0
680,3400,408,1042,42570,-1,,
21,748,1.0
748,3740,449,1115,46650,-1,,
22,816,1.0
816,4080,490,1187,86550,-1,,
23,940,1.0
940,4700,564,1315,98950,-1,,
24,1111,1.0
1111,5555,667,1486,116050,-1,,
25,1333,1.0
1333,6665,800,1700,152625,-1,,
# High Mountain,,
26,810,1.0
810,4050,486,1181,85950,-1,,
27,980,1.0
980,4900,588,1355,135785,-1,,
28,1150,1.0
1150,5750,690,1524,157885,-1,,
29,1320,1.0
1320,6600,792,1688,179985,-1,,
30,1490,1.0
1490,7450,894,1847,202085,-1,,
31,1660,1.0
1660,8300,996,2003,224185,-1,,
# Desert,,
32,1830,1.0
1830,9150,1098,2156,285675,-1,,
33,2000,1.0
2000,10000,1200,2306,311175,-1,,
34,2170,1.0
2170,10850,1302,2454,336675,-1,,
35,2300,1.0
2300,11500,1380,2565,479900,-1,,
36,2600,1.0
2600,13000,1560,2817,539900,-1,,
37,2900,1.0
2900,14500,1740,3063,599900,-1,,
38,3200,1.0
3200,16000,1920,3304,659900,-1,,
39,3500,1.0
3500,17500,2100,3541,719900,-1,,
40,3800,1.0
3800,19000,2280,3774,779900,-1,,
41,4100,1.0
4100,20500,2460,4003,839900,-1,,
42,5000,1.0
5000,25000,3000,4671,1544850,-1,,
# Forest-Lake,,
43,810,1.0
810,4050,486,1181,85950,-1,,
44,1100,1.0
1100,5500,660,1475,114950,-1,,
45,1400,1.0
1400,7000,840,1763,144950,-1,,
46,1700,1.0
1700,8500,1020,2040,174950,-1,,
# Lake,,
47,2000,1.0
2000,10000,1200,2306,644850,-1,,
48,2300,1.0
2300,11500,1380,2565,734850,-1,,
49,2600,1.0
2600,13000,1560,2817,824850,-1,,
50,2900,1.0
2900,14500,1740,3063,914850,-1,,
51,3333,1.0
3333,16665,2000,3410,1044750,-1,,
52,3700,1.0
3700,18500,2220,3697,1154850,-1,,
53,4100,1.0
4100,20500,2460,4003,1274850,-1,,
54,4500,1.0
4500,22500,2700,4303,1394850,-1,,
55,5000,1.0
5000,25000,3000,4671,1544850,-1,,
# Lake-Deep Forest,,
56,5600,1.0
5600,28000,3360,5103,2319800,-1,,
57,6300,1.0
6300,31500,3780,5595,2599800,-1,,
58,7100,1.0
7100,35500,4260,6145,2919800,-1,,
59,8000,1.0
8000,40000,4800,6748,3279800,-1,,
# Deep Forest,,
60,5000,1.0
5000,25000,3000,4671,1544850,-1,,
61,9000,1.0
9000,45000,5400,7403,6544650,-1,,
62,17000,1.0
17000,85000,10200,12235,22944350,-1,,
63,27000,1.0
27000,135000,16200,17661,41939408,-1,,
64,38000,1.0
38000,190000,22800,23176,65526483,-1,,
65,50000,1.0
50000,250000,30000,28837,93630034,-1,,
# Forest-Ice,,
66,1500,1.0
1500,7500,900,1857,170995,-1,,
67,4000,1.0
4000,20000,2400,3927,1244850,-1,,
68,7500,1.0
7500,37500,4500,6415,5494650,-1,,
# Ice,,
69,10000,1.0
10000,50000,6000,8044,11284262,-1,,
70,11333,1.0
11333,56665,6800,8878,13336366,-1,,
71,12666,1.0
12666,63330,7600,9693,15463703,-1,,
72,14000,1.0
14000,70000,8400,10492,17661894,-1,,
73,15333,1.0
15333,76665,9200,11275,19922623,-1,,
74,16666,1.0
16666,83330,10000,12044,22243279,-1,,
75,18000,1.0
18000,90000,10800,12802,24622035,-1,,
76,20000,1.0
20000,100000,12000,13917,28287222,-1,,
# Deep Forest-Swamp,,
77,11000,1.0
11000,55000,6600,8672,12816411,-1,,
78,13000,1.0
13000,65000,7800,9895,16007785,-1,,
79,15000,1.0
15000,75000,9000,11080,19352096,-1,,
80,17000,1.0
17000,85000,10200,12235,22833699,-1,,
# Swamp,,
81,20000,1.0
20000,100000,12000,13917,28287222,-1,,
82,21300,1.0
21300,106500,12780,14630,30729426,-1,,
83,23000,1.0
23000,115000,13800,15549,33990021,-1,,
84,25100,1.0
25100,125500,15060,16666,38116791,-1,,
85,27400,1.0
27400,137000,16440,17868,42754476,-1,,
86,30000,1.0
30000,150000,18000,19203,48136008,-1,,
87,33000,1.0
33000,165000,19800,20715,54516631,-1,,
88,36000,1.0
36000,180000,21600,22200,61068641,-1,,
89,40000,1.0
40000,200000,24000,24142,70052867,-1,,
# Swamp-Deep Forest,,
90,44444,1.0
44444,222220,26666,26254,80343242,-1,,
# Cemetery,,
91,45000-55000,0.3|0.4|0.3
45000,225000,27000,26516,81652371,-1,,
50000,250000,30000,28837,93630034,-1,,
55000,275000,33000,31112,105957271,-1,,
# Secret Hallway,,
92,30000,1.0
30000,150000,18000,19203,48136008,-1,,
93,35000,1.0
35000,175000,21000,21708,58866293,-1,,
94,40000,1.0
40000,200000,24000,24142,70052867,-1,,
95,45000,1.0
45000,225000,27000,26516,81652371,-1,,
# Castle,,
96,51111,1.0
51111,255555,30667,29346,96339846,-1,,
97,55555,1.0
55555,277775,33333,31362,107346071,-1,,
98,56800,1.0
56800,284000,34080,31921,110475915,-1,,
99,58300,1.0
58300,291500,34980,32591,114272940,-1,,
100,60000,1.0
60000,300000,36000,33346,118610100,-1,,
101,62000,1.0
62000,310000,37200,34230,123757718,-1,,
102,64300,1.0
64300,321500,38580,35238,129736277,-1,,
103,67000,1.0
67000,335000,40200,36413,136832675,-1,,
104,70000,1.0
70000,350000,42000,37707,144813540,-1,,
105,72000,1.0
72000,360000,43200,38564,150188697,-1,,
106,74000,1.0
74000,370000,44400,39416,155606458,-1,,
107,76000,1.0
76000,380000,45600,40264,161065965,-1,,
108,78000,1.0
78000,390000,46800,41106,166566396,-1,,
109,80000,1.0
80000,400000,48000,41945,172106968,-1,,
110,81600,1.0
81600,408000,48960,42613,176567824,-1,,
111,83200,1.0
83200,416000,49920,43278,181053521,-1,,
112,84800,1.0
84800,424000,50880,43941,185563704,-1,,
113,86500,1.0
86500,432500,51900,44642,190382217,-1,,
114,88200,1.0
88200,441000,52920,45341,195227584,-1,,
115,90000,1.0
90000,450000,54000,46078,200386813,-1,,
116,93333,1.0
93333,466665,56000,47434,210016838,-1,,
117,????,0.3|0.7
95000,475000,57000,48109,214870053,-1,,
97000,485000,58200,48916,220724498,-1,,
118,100000,1.0
100000,500000,60000,50120,229569999,-1,,
